Epoch,Test Loss,Test Accuracy,Precision,Recall,F1 Score,Test Accuracy Std,Precision Std,Recall Std,F1 Score Std,Confusion Matrix
59,0.5824168897592105,79.70297029702971,0.5537103174603174,0.5841735576466116,0.5580862573271154,7.303579308124145,0.13953915826693292,0.18105810747967532,0.1544002776430633,"[[ 10   4   3   0   1]
 [  2 177  28   0   3]
 [  2  33 129   0   3]
 [  0   0   0   0   1]
 [  0   2   0   0   6]]"
