Epoch,Test Loss,Test Accuracy,Precision,Recall,F1 Score,Test Accuracy Std,Precision Std,Recall Std,F1 Score Std,Confusion Matrix
3,1.0239454805850983,55.55555555555556,0.1388888888888889,0.25,0.17857142857142858,12.170126505779086,0.0459987545121242,0.0360843918243516,0.045142205065214394,"[[ 0 11  0  0]
 [ 0 60  0  0]
 [ 0 36  0  0]
 [ 0  1  0  0]]"
